,AU1,AU2,AU4,AU5,AU6,AU9,AU12,AU15,AU17,AU20,AU25,AU26
33%,2.655894886363636,2.109113103693182,2.362959428267045,1.3466198175603692,1.3114450905539774,1.5012293312766336,1.3967835582386363,1.2678783069957387,1.0650239701704545,1.1596117424242425,2.0667167524857954,1.6913967063210227
66%,3.7122674005681824,3.0223011363636365,3.179002637987013,1.8325510475852271,1.7164248934659092,2.178354450572621,1.8789488636363636,1.6841708096590908,1.1966063898259942,1.4665638316761362,2.571155894886364,2.1856640625000003
